raw_category_id,raw_name_en,raw_name_ar,parent_category_id,linked_product_count,normalized_name_en,method,group_id,proposed_canonical_slug,proposed_canonical_display_en,proposed_canonical_display_ar,confidence,needs_review,reviewer_decision,notes
1,Sweets & Snacks,سناكس وحلويات,,1701,sweets & snacks,singleton_unique,,sweets_snacks,Sweets & Snacks,سناكس وحلويات,100.0,False,,no parent-category signal available (parent_category_id NULL for all rows)
2,Chocolate,الشوكولاتة,,338,chocolate,singleton_unique,,chocolate,Chocolate,الشوكولاتة,100.0,False,,no parent-category signal available (parent_category_id NULL for all rows)
3,Biscuits,البسكويت,,481,biscuits,singleton_unique,,biscuits,Biscuits,البسكويت,100.0,False,,no parent-category signal available (parent_category_id NULL for all rows)
4,Corona,كورونا,,22,corona,singleton_unique,,corona,Corona,كورونا,100.0,False,,no parent-category signal available (parent_category_id NULL for all rows)
5,Cleaning Products ,المنظفات,,1166,cleaning products,singleton_unique,,cleaning_products,Cleaning Products ,المنظفات,100.0,False,,no parent-category signal available (parent_category_id NULL for all rows)
6,Cleaning,منتجات التنظيف,,53,cleaning,singleton_unique,,cleaning,Cleaning,منتجات التنظيف,100.0,False,,no parent-category signal available (parent_category_id NULL for all rows)
7,Spinneys Products,منتجات سبينيس,,162,spinneys products,singleton_unique,,spinneys_products,Spinneys Products,منتجات سبينيس,100.0,False,,no parent-category signal available (parent_category_id NULL for all rows)
8,Cleaning Supplies,أدوات التنظييف,,595,cleaning supplies,singleton_unique,,cleaning_supplies,Cleaning Supplies,أدوات التنظييف,100.0,False,,no parent-category signal available (parent_category_id NULL for all rows)
9,Households,المنزل والحديقة,,2954,households,singleton_unique,,households,Households,المنزل والحديقة,100.0,False,,no parent-category signal available (parent_category_id NULL for all rows)
10,Kitchenware,أدوات المطبخ,,1309,kitchenware,singleton_unique,,kitchenware,Kitchenware,أدوات المطبخ,100.0,False,,no parent-category signal available (parent_category_id NULL for all rows)
11,Cleaning Tools,أدوات النظافة,,129,cleaning tools,singleton_unique,,cleaning_tools,Cleaning Tools,أدوات النظافة,100.0,False,,no parent-category signal available (parent_category_id NULL for all rows)
12,"Brushes , Mops & Buckets","الفرش , الممسحة و الباسكت",,72,"brushes , mops & buckets",singleton_unique,,brushes_mops_buckets,"Brushes , Mops & Buckets","الفرش , الممسحة و الباسكت",100.0,False,,no parent-category signal available (parent_category_id NULL for all rows)
13,Home Accessories,اكسسوارات المنزل,,213,home accessories,fuzzy_candidate,g18,home_accessories,Home Accessories,اكسسوارات المنزل,93.8,True,reject,no parent-category signal available (parent_category_id NULL for all rows)
14,Snacks & Chips,شيبس و كراكرز و فشار,,644,snacks & chips,singleton_unique,,snacks_chips,Snacks & Chips,شيبس و كراكرز و فشار,100.0,False,,no parent-category signal available (parent_category_id NULL for all rows)
15,Laundry,منتجات غسيل الملابس,,165,laundry,singleton_unique,,laundry,Laundry,منتجات غسيل الملابس,100.0,False,,no parent-category signal available (parent_category_id NULL for all rows)
16,Fabric Softener,منعم الأقمشة,,42,fabric softener,singleton_unique,,fabric_softener,Fabric Softener,منعم الأقمشة,100.0,False,,no parent-category signal available (parent_category_id NULL for all rows)
17,Fabric Care,منتجات العناية بالأنسجة,,24,fabric care,singleton_unique,,fabric_care,Fabric Care,منتجات العناية بالأنسجة,100.0,False,,no parent-category signal available (parent_category_id NULL for all rows)
18,Grocery,عروض عامة,,1733,grocery,exact_auto_merge,g1,grocery,Grocery,منتجات البقالة,100.0,False,,
19,Detergents,المنظفات,,108,detergents,singleton_unique,,detergents,Detergents,المنظفات,100.0,False,,no parent-category signal available (parent_category_id NULL for all rows)
20,Top Selling Products,المنتجات الأكثر مبيعاً,,796,top selling products,singleton_unique,,top_selling_products,Top Selling Products,المنتجات الأكثر مبيعاً,100.0,False,,no parent-category signal available (parent_category_id NULL for all rows)
21,Air Freshner,معطر الجو,,106,air freshner,singleton_unique,,air_freshner,Air Freshner,معطر الجو,100.0,False,,no parent-category signal available (parent_category_id NULL for all rows)
22,Bleach & Disinfectant,المبيضات و المطهرات,,187,bleach & disinfectant,singleton_unique,,bleach_disinfectant,Bleach & Disinfectant,المبيضات و المطهرات,100.0,False,,no parent-category signal available (parent_category_id NULL for all rows)
23,Multi-Purpose Cleaning,منظفات متعددة الأغراض,,83,multi-purpose cleaning,singleton_unique,,multi_purpose_cleaning,Multi-Purpose Cleaning,منظفات متعددة الأغراض,100.0,False,,no parent-category signal available (parent_category_id NULL for all rows)
24,Insect & Pest Control,مكافحة الحشرات,,35,insect & pest control,singleton_unique,,insect_pest_control,Insect & Pest Control,مكافحة الحشرات,100.0,False,,no parent-category signal available (parent_category_id NULL for all rows)
25,Dishwashing,منتجات غسيل الأطباق,,94,dishwashing,singleton_unique,,dishwashing,Dishwashing,منتجات غسيل الأطباق,100.0,False,,no parent-category signal available (parent_category_id NULL for all rows)
26,Kitchen Roll,رول المطبخ,,190,kitchen roll,singleton_unique,,kitchen_roll,Kitchen Roll,رول المطبخ,100.0,False,,no parent-category signal available (parent_category_id NULL for all rows)
27,DownTown Special Offers ,DownTown Special Offers ,,73,downtown special offers,singleton_unique,,downtown_special_offers,DownTown Special Offers ,DownTown Special Offers ,100.0,False,,no parent-category signal available (parent_category_id NULL for all rows)
28,Toilet Cleaning,منظفات التواليت,,62,toilet cleaning,singleton_unique,,toilet_cleaning,Toilet Cleaning,منظفات التواليت,100.0,False,,no parent-category signal available (parent_category_id NULL for all rows)
29,Milk,الألبان,,124,milk,singleton_unique,,milk,Milk,الألبان,100.0,False,,no parent-category signal available (parent_category_id NULL for all rows)
30,"Cheese, Dairy & Eggs","الجبن,منتجات الألبان والبيض",,1080,"cheese, dairy & eggs",singleton_unique,,cheese_dairy_eggs,"Cheese, Dairy & Eggs","الجبن,منتجات الألبان والبيض",100.0,False,,no parent-category signal available (parent_category_id NULL for all rows)
31,Full Cream Milk,لبن كامل الدسم,,42,full cream milk,singleton_unique,,full_cream_milk,Full Cream Milk,لبن كامل الدسم,100.0,False,,no parent-category signal available (parent_category_id NULL for all rows)
32,Rayeb,رايب,,20,rayeb,singleton_unique,,rayeb,Rayeb,رايب,100.0,False,,no parent-category signal available (parent_category_id NULL for all rows)
33,Rayeb Milk,Rayeb Milk,,20,rayeb milk,singleton_unique,,rayeb_milk,Rayeb Milk,Rayeb Milk,100.0,False,,no parent-category signal available (parent_category_id NULL for all rows)
34,Coffee,القهوة,,259,coffee,singleton_unique,,coffee,Coffee,القهوة,100.0,False,,no parent-category signal available (parent_category_id NULL for all rows)
35,Beverages,المشروبات,,1166,beverages,singleton_unique,,beverages,Beverages,المشروبات,100.0,False,,no parent-category signal available (parent_category_id NULL for all rows)
36,Juices,العصائر,,240,juices,singleton_unique,,juices,Juices,العصائر,100.0,False,,no parent-category signal available (parent_category_id NULL for all rows)
37,Iftar Ramadan,لمة الفطار,,71,iftar ramadan,singleton_unique,,iftar_ramadan,Iftar Ramadan,لمة الفطار,100.0,False,,no parent-category signal available (parent_category_id NULL for all rows)
38,Ramdan Juices ,عصائر رمضان,,240,ramdan juices,singleton_unique,,ramdan_juices,Ramdan Juices ,عصائر رمضان,100.0,False,,no parent-category signal available (parent_category_id NULL for all rows)
39,Skimmed Milk,لبن منزوع الدسم,,23,skimmed milk,singleton_unique,,skimmed_milk,Skimmed Milk,لبن منزوع الدسم,100.0,False,,no parent-category signal available (parent_category_id NULL for all rows)
40,Half Cream Milk,لبن نصف دسم,,4,half cream milk,singleton_unique,,half_cream_milk,Half Cream Milk,لبن نصف دسم,100.0,False,,no parent-category signal available (parent_category_id NULL for all rows)
41,Flavored Milk ,لبن بنكهات,,17,flavored milk,singleton_unique,,flavored_milk,Flavored Milk ,لبن بنكهات,100.0,False,,no parent-category signal available (parent_category_id NULL for all rows)
42,Speciality Milk,البان خاصة,,36,speciality milk,singleton_unique,,speciality_milk,Speciality Milk,البان خاصة,100.0,False,,no parent-category signal available (parent_category_id NULL for all rows)
43,Vegan Milk,لبن نباتي,,13,vegan milk,singleton_unique,,vegan_milk,Vegan Milk,لبن نباتي,100.0,False,,no parent-category signal available (parent_category_id NULL for all rows)
44,Healthy & Specialty,منتجات صحية  ومتخصصة,,126,healthy & specialty,singleton_unique,,healthy_specialty,Healthy & Specialty,منتجات صحية  ومتخصصة,100.0,False,,no parent-category signal available (parent_category_id NULL for all rows)
45,Yogurt,منتجات الزبادي,,180,yogurt,exact_auto_merge,g2,yogurt,Yogurt,منتجات الزبادي,100.0,False,,
46,Plain Yogurt,زبادي سادة,,49,plain yogurt,singleton_unique,,plain_yogurt,Plain Yogurt,زبادي سادة,100.0,False,,no parent-category signal available (parent_category_id NULL for all rows)
47,Suhoor Ramadan,سحور رمضان,,1228,suhoor ramadan,singleton_unique,,suhoor_ramadan,Suhoor Ramadan,سحور رمضان,100.0,False,,no parent-category signal available (parent_category_id NULL for all rows)
48,Yogurt,زبادي,,177,yogurt,exact_auto_merge,g2,yogurt,Yogurt,منتجات الزبادي,100.0,False,,
49,Flavored Yogurt,زبادي بالنكهات,,46,flavored yogurt,singleton_unique,,flavored_yogurt,Flavored Yogurt,زبادي بالنكهات,100.0,False,,no parent-category signal available (parent_category_id NULL for all rows)
50,Greek Yogurt,زبادي يوناني,,31,greek yogurt,singleton_unique,,greek_yogurt,Greek Yogurt,زبادي يوناني,100.0,False,,no parent-category signal available (parent_category_id NULL for all rows)
51,Eggs,البيض,,54,eggs,exact_auto_merge,g3,eggs,Eggs,البيض,100.0,False,,
52,Eggs,بيض,,41,eggs,exact_auto_merge,g3,eggs,Eggs,البيض,100.0,False,,
53,Cheese,الأجبان,,520,cheese,exact_auto_merge,g4,cheese,Cheese,الأجبان,100.0,False,,
54,Cheese,Cheese,,520,cheese,exact_auto_merge,g4,cheese,Cheese,الأجبان,100.0,False,,
55,Branded Cheese,الأجبان المعلبة,,152,branded cheese,singleton_unique,,branded_cheese,Branded Cheese,الأجبان المعلبة,100.0,False,,no parent-category signal available (parent_category_id NULL for all rows)
56,Sliced Cheese,شرائح الجبن,,25,sliced cheese,singleton_unique,,sliced_cheese,Sliced Cheese,شرائح الجبن,100.0,False,,no parent-category signal available (parent_category_id NULL for all rows)
57,Cream & Spread Cheese,كريمة & الجبن المفرود,,52,cream & spread cheese,singleton_unique,,cream_spread_cheese,Cream & Spread Cheese,كريمة & الجبن المفرود,100.0,False,,no parent-category signal available (parent_category_id NULL for all rows)
58,Default Category,Default Category,,183,default category,singleton_unique,,default_category,Default Category,Default Category,100.0,False,,no parent-category signal available (parent_category_id NULL for all rows)
59,Online Deals,عروض أونلاين,,96,online deals,singleton_unique,,online_deals,Online Deals,عروض أونلاين,100.0,False,,no parent-category signal available (parent_category_id NULL for all rows)
1715,Food Storage,تخزيين الطعام,,143,food storage,singleton_unique,,food_storage,Food Storage,تخزيين الطعام,100.0,False,,no parent-category signal available (parent_category_id NULL for all rows)
1716,Tableware,أدوات المائدة,,355,tableware,singleton_unique,,tableware,Tableware,أدوات المائدة,100.0,False,,no parent-category signal available (parent_category_id NULL for all rows)
1717,Party,أدوات الحفلات,,102,party,singleton_unique,,party,Party,أدوات الحفلات,100.0,False,,no parent-category signal available (parent_category_id NULL for all rows)
1718,Toys,الألعاب,,182,toys,singleton_unique,,toys,Toys,الألعاب,100.0,False,,no parent-category signal available (parent_category_id NULL for all rows)
1719,Baby Care,منتجات العناية بالأطفال,,134,baby care,singleton_unique,,baby_care,Baby Care,منتجات العناية بالأطفال,100.0,False,,no parent-category signal available (parent_category_id NULL for all rows)
1720,Baby Products,منتجات الأطفال,,295,baby products,singleton_unique,,baby_products,Baby Products,منتجات الأطفال,100.0,False,,no parent-category signal available (parent_category_id NULL for all rows)
1721,Baby Food,طعام الأطفال,,62,baby food,singleton_unique,,baby_food,Baby Food,طعام الأطفال,100.0,False,,no parent-category signal available (parent_category_id NULL for all rows)
1722,Beauty & Personal Care, الجمال والعناية الشخصية,,3241,beauty & personal care,singleton_unique,,beauty_personal_care,Beauty & Personal Care, الجمال والعناية الشخصية,100.0,False,,no parent-category signal available (parent_category_id NULL for all rows)
1723,Diapers,حفاضات الأطفال,,120,diapers,singleton_unique,,diapers,Diapers,حفاضات الأطفال,100.0,False,,no parent-category signal available (parent_category_id NULL for all rows)
1724,Bakery & Bread,العيش والمخبوزات,,291,bakery & bread,singleton_unique,,bakery_bread,Bakery & Bread,العيش والمخبوزات,100.0,False,,no parent-category signal available (parent_category_id NULL for all rows)
1725,Fresh Bakeries,مخبوزات,,128,fresh bakeries,singleton_unique,,fresh_bakeries,Fresh Bakeries,مخبوزات,100.0,False,,no parent-category signal available (parent_category_id NULL for all rows)
1726,Sweets,الحلويات,,96,sweets,singleton_unique,,sweets,Sweets,الحلويات,100.0,False,,no parent-category signal available (parent_category_id NULL for all rows)
1727,Bread,العيش,,86,bread,exact_auto_merge,g5,bread,Bread,العيش,100.0,False,,
1728,Ramadan Dessert,حلويات رمضان,,13,ramadan dessert,singleton_unique,,ramadan_dessert,Ramadan Dessert,حلويات رمضان,100.0,False,,no parent-category signal available (parent_category_id NULL for all rows)
1729,Marina Offers ,Marina Offers ,,16,marina offers,singleton_unique,,marina_offers,Marina Offers ,Marina Offers ,100.0,False,,no parent-category signal available (parent_category_id NULL for all rows)
1730,GSA Offers,GSA Offers,,35,gsa offers,singleton_unique,,gsa_offers,GSA Offers,GSA Offers,100.0,False,,no parent-category signal available (parent_category_id NULL for all rows)
1731,Soft Drinks,المشروبات الغازية,,225,soft drinks,singleton_unique,,soft_drinks,Soft Drinks,المشروبات الغازية,100.0,False,,no parent-category signal available (parent_category_id NULL for all rows)
1732,Water,المياه,,63,water,singleton_unique,,water,Water,المياه,100.0,False,,no parent-category signal available (parent_category_id NULL for all rows)
1733,Coca Cola Drinks,Coca Cola Drinks,,44,coca cola drinks,singleton_unique,,coca_cola_drinks,Coca Cola Drinks,Coca Cola Drinks,100.0,False,,no parent-category signal available (parent_category_id NULL for all rows)
1734,Test,Test,,247,test,junk_excluded,,,,,,True,approve,
1735,Nestlé Waters,Nestlé Waters,,10,nestlé waters,singleton_unique,,nestl_waters,Nestlé Waters,Nestlé Waters,100.0,False,,no parent-category signal available (parent_category_id NULL for all rows)
1736, Sugar Free,خالي من السكر,,46,sugar free,singleton_unique,,sugar_free, Sugar Free,خالي من السكر,100.0,False,,no parent-category signal available (parent_category_id NULL for all rows)
1737,"Candy , Gum",الحلوي و العلكة,,270,"candy , gum",singleton_unique,,candy_gum,"Candy , Gum",الحلوي و العلكة,100.0,False,,no parent-category signal available (parent_category_id NULL for all rows)
1738,one day offers,عروض اليوم الواحد,,74,one day offers,singleton_unique,,one_day_offers,one day offers,عروض اليوم الواحد,100.0,False,,no parent-category signal available (parent_category_id NULL for all rows)
1739,"Breakfast , Nuts & Seeds","الفطار , المكسرات و الحبوب",,192,"breakfast , nuts & seeds",singleton_unique,,breakfast_nuts_seeds,"Breakfast , Nuts & Seeds","الفطار , المكسرات و الحبوب",100.0,False,,no parent-category signal available (parent_category_id NULL for all rows)
1740,Grocery,منتجات البقالة,,3504,grocery,exact_auto_merge,g1,grocery,Grocery,منتجات البقالة,100.0,False,,
1741,"Tissues, Wipes & Rolls",منتجات ورقية وبلاستيكية,,103,"tissues, wipes & rolls",singleton_unique,,tissues_wipes_rolls,"Tissues, Wipes & Rolls",منتجات ورقية وبلاستيكية,100.0,False,,no parent-category signal available (parent_category_id NULL for all rows)
1742,Tissues & Wipes ,مناديل الوجه,,147,tissues & wipes,singleton_unique,,tissues_wipes,Tissues & Wipes ,مناديل الوجه,100.0,False,,no parent-category signal available (parent_category_id NULL for all rows)
1743,Toilet Rolls,رول تواليت,,39,toilet rolls,singleton_unique,,toilet_rolls,Toilet Rolls,رول تواليت,100.0,False,,no parent-category signal available (parent_category_id NULL for all rows)
1744,Garbage Bags,أكياس القمامة,,69,garbage bags,singleton_unique,,garbage_bags,Garbage Bags,أكياس القمامة,100.0,False,,no parent-category signal available (parent_category_id NULL for all rows)
1745,Men's Shaving,Men's Shaving,,114,men's shaving,singleton_unique,,men_s_shaving,Men's Shaving,Men's Shaving,100.0,False,,no parent-category signal available (parent_category_id NULL for all rows)
1746,Men`s Care,منتجات العناية للرجال,,183,men`s care,singleton_unique,,men_s_care,Men`s Care,منتجات العناية للرجال,100.0,False,,no parent-category signal available (parent_category_id NULL for all rows)
1747,"Shower , Bath & Soap",الصابون والاستحمام وغسيل الجسم,,850,"shower , bath & soap",singleton_unique,,shower_bath_soap,"Shower , Bath & Soap",الصابون والاستحمام وغسيل الجسم,100.0,False,,no parent-category signal available (parent_category_id NULL for all rows)
1748,Hair Care,العناية بالشعر,,1007,hair care,exact_auto_merge,g6,hair_care,Hair Care,العناية بالشعر,100.0,False,,
1749,Deodorants,مزيل العرق,,625,deodorants,singleton_unique,,deodorants,Deodorants,مزيل العرق,100.0,False,,no parent-category signal available (parent_category_id NULL for all rows)
1750,Fresh Cheese,الجبن الطازج,,194,fresh cheese,exact_auto_merge,g7,fresh_cheese,Fresh Cheese,الجبن الطازج,100.0,False,,
1751,cheese - fresh,الجبن الطازج,,177,cheese - fresh,singleton_unique,,cheese_fresh,cheese - fresh,الجبن الطازج,100.0,False,,no parent-category signal available (parent_category_id NULL for all rows)
1752,White Cheese,جبنة بيضاء,,54,white cheese,singleton_unique,,white_cheese,White Cheese,جبنة بيضاء,100.0,False,,no parent-category signal available (parent_category_id NULL for all rows)
1753,Fresh Cheese ,Fresh Cheese ,,182,fresh cheese,exact_auto_merge,g7,fresh_cheese,Fresh Cheese,الجبن الطازج,100.0,False,,
1754,Cold Cuts & Deli,اللحوم الباردة,,176,cold cuts & deli,singleton_unique,,cold_cuts_deli,Cold Cuts & Deli,اللحوم الباردة,100.0,False,,no parent-category signal available (parent_category_id NULL for all rows)
1755,Deli,Deli,,6,deli,exact_auto_merge,g8,deli,Deli,Deli,100.0,False,,
1756,Deli & Cheese Deals,جبن ولحوم باردة,,116,deli & cheese deals,singleton_unique,,deli_cheese_deals,Deli & Cheese Deals,جبن ولحوم باردة,100.0,False,,no parent-category signal available (parent_category_id NULL for all rows)
1757,Olives & Pickles,الزيتون و المخللات,,176,olives & pickles,singleton_unique,,olives_pickles,Olives & Pickles,الزيتون و المخللات,100.0,False,,no parent-category signal available (parent_category_id NULL for all rows)
1758,fresh pickles,مخللات,,59,fresh pickles,fuzzy_candidate,g19,fresh_pickles,fresh pickles,مخللات,88.0,True,reject,no parent-category signal available (parent_category_id NULL for all rows)
1759,Deli Offers ,Deli Offers ,,5,deli offers,singleton_unique,,deli_offers,Deli Offers ,Deli Offers ,100.0,False,,no parent-category signal available (parent_category_id NULL for all rows)
1760,Imported cheese,جبن مستوردة,,32,imported cheese,singleton_unique,,imported_cheese,Imported cheese,جبن مستوردة,100.0,False,,no parent-category signal available (parent_category_id NULL for all rows)
1761,Fresh Halawa,حلاوة فريش,,5,fresh halawa,singleton_unique,,fresh_halawa,Fresh Halawa,حلاوة فريش,100.0,False,,no parent-category signal available (parent_category_id NULL for all rows)
1762,Top sales Deli,Top sales Deli,,9,top sales deli,singleton_unique,,top_sales_deli,Top sales Deli,Top sales Deli,100.0,False,,no parent-category signal available (parent_category_id NULL for all rows)
1763,Romy cheese,جبنة رومي,,8,romy cheese,singleton_unique,,romy_cheese,Romy cheese,جبنة رومي,100.0,False,,no parent-category signal available (parent_category_id NULL for all rows)
1764,Processed Cheese,جبن مطبوخ,,27,processed cheese,singleton_unique,,processed_cheese,Processed Cheese,جبن مطبوخ,100.0,False,,no parent-category signal available (parent_category_id NULL for all rows)
1765,Deli,Deli,,3,deli,exact_auto_merge,g8,deli,Deli,Deli,100.0,False,,
1766,Deli,Deli,,10,deli,exact_auto_merge,g8,deli,Deli,Deli,100.0,False,,
1767,Mozzarella ,جبن المبشور والموزاريلا,,5,mozzarella,singleton_unique,,mozzarella,Mozzarella ,جبن المبشور والموزاريلا,100.0,False,,no parent-category signal available (parent_category_id NULL for all rows)
1768,Seafood & Fish,المأكولات البحرية و السمك,,165,seafood & fish,singleton_unique,,seafood_fish,Seafood & Fish,المأكولات البحرية و السمك,100.0,False,,no parent-category signal available (parent_category_id NULL for all rows)
1769,Seafood,أسماك,,4,seafood,exact_auto_merge,g9,seafood,Seafood,أسماك,100.0,False,,
1770,Meat,اللحوم,,56,meat,exact_auto_merge,g10,meat,Meat,اللحوم,100.0,False,,
1771,Meat & Poultry,لحوم ودواجن,,138,meat & poultry,exact_auto_merge,g11,meat_poultry,Meat & Poultry,لحوم ودواجن,100.0,False,,
1772,Meats & Poultrys,اللحوم والدواجن,,82,meats & poultrys,singleton_unique,,meats_poultrys,Meats & Poultrys,اللحوم والدواجن,100.0,False,,no parent-category signal available (parent_category_id NULL for all rows)
1773,Meats,اللحوم,,49,meats,singleton_unique,,meats,Meats,اللحوم,100.0,False,,no parent-category signal available (parent_category_id NULL for all rows)
1774,Top sales fresh food,Top sales fresh food,,14,top sales fresh food,singleton_unique,,top_sales_fresh_food,Top sales fresh food,Top sales fresh food,100.0,False,,no parent-category signal available (parent_category_id NULL for all rows)
1775,Meat,لحوم,,18,meat,exact_auto_merge,g10,meat,Meat,اللحوم,100.0,False,,
1776,Eid al Adha,مستلزمات عيد الأضحى,,18,eid al adha,singleton_unique,,eid_al_adha,Eid al Adha,مستلزمات عيد الأضحى,100.0,False,,no parent-category signal available (parent_category_id NULL for all rows)
1777,Meat,Meat,,4,meat,exact_auto_merge,g10,meat,Meat,اللحوم,100.0,False,,
1778,Fresh Offers,Fresh Offers,,4,fresh offers,singleton_unique,,fresh_offers,Fresh Offers,Fresh Offers,100.0,False,,no parent-category signal available (parent_category_id NULL for all rows)
3274,Pulse & Grains,البقوليات,,109,pulse & grains,singleton_unique,,pulse_grains,Pulse & Grains,البقوليات,100.0,False,,no parent-category signal available (parent_category_id NULL for all rows)
3275,"Herbs , Spices & Breadcrumbs",أعشاب وتوابل,,356,"herbs , spices & breadcrumbs",singleton_unique,,herbs_spices_breadcrumbs,"Herbs , Spices & Breadcrumbs",أعشاب وتوابل,100.0,False,,no parent-category signal available (parent_category_id NULL for all rows)
3276,Fresh spices,توابل,,54,fresh spices,fuzzy_candidate,g19,fresh_pickles,fresh pickles,مخللات,88.0,True,reject,no parent-category signal available (parent_category_id NULL for all rows)
3277,Seafood,Seafood,,1,seafood,exact_auto_merge,g9,seafood,Seafood,أسماك,100.0,False,,
3278,Poultry & Chicken ,الدجاج,,72,poultry & chicken,singleton_unique,,poultry_chicken,Poultry & Chicken ,الدجاج,100.0,False,,no parent-category signal available (parent_category_id NULL for all rows)
3279,Meat,Meat,,3,meat,exact_auto_merge,g10,meat,Meat,اللحوم,100.0,False,,
3280,Frozen Chicken,دجاج مجمد,,320,frozen chicken,singleton_unique,,frozen_chicken,Frozen Chicken,دجاج مجمد,100.0,False,,no parent-category signal available (parent_category_id NULL for all rows)
3281,Frozen Food,الأطعمة المجمدة,,870,frozen food,singleton_unique,,frozen_food,Frozen Food,الأطعمة المجمدة,100.0,False,,no parent-category signal available (parent_category_id NULL for all rows)
3282,chilled,فراخ مبردة,,30,chilled,singleton_unique,,chilled,chilled,فراخ مبردة,100.0,False,,no parent-category signal available (parent_category_id NULL for all rows)
3283,Fruits,الفواكه,,343,fruits,singleton_unique,,fruits,Fruits,الفواكه,100.0,False,,no parent-category signal available (parent_category_id NULL for all rows)
3284,Fruits & Vegetables,الخضروات و الفاكهة,,853,fruits & vegetables,singleton_unique,,fruits_vegetables,Fruits & Vegetables,الخضروات و الفاكهة,100.0,False,,no parent-category signal available (parent_category_id NULL for all rows)
3285,Butter,الزبدة,,18,butter,exact_auto_merge,g12,butter,Butter,الزبدة,100.0,False,,
3286,Vegetables,خضراوات,,548,vegetables,singleton_unique,,vegetables,Vegetables,خضراوات,100.0,False,,no parent-category signal available (parent_category_id NULL for all rows)
3287,Dates,تمر,,80,dates,exact_auto_merge,g13,dates,Dates,تمر,100.0,False,,
3288,Dates,بلح,,55,dates,exact_auto_merge,g13,dates,Dates,تمر,100.0,False,,
3289,Small Home Electronics,أجهزة منزلية صغيرة,,345,small home electronics,singleton_unique,,small_home_electronics,Small Home Electronics,أجهزة منزلية صغيرة,100.0,False,,no parent-category signal available (parent_category_id NULL for all rows)
3290,Kettles & Coffee Makers,غلايات المياة & ماكينات القهوة,,59,kettles & coffee makers,singleton_unique,,kettles_coffee_makers,Kettles & Coffee Makers,غلايات المياة & ماكينات القهوة,100.0,False,,no parent-category signal available (parent_category_id NULL for all rows)
3291,Electronics, الأجهزة المنزلية,,999,electronics,exact_auto_merge,g14,electronics,Electronics, الأجهزة المنزلية,100.0,False,,
3292,Shavers,ماكينات الحلاقة,,50,shavers,singleton_unique,,shavers,Shavers,ماكينات الحلاقة,100.0,False,,no parent-category signal available (parent_category_id NULL for all rows)
3293,Personal Care,منتجات العناية الشخصية,,55,personal care,singleton_unique,,personal_care,Personal Care,منتجات العناية الشخصية,100.0,False,,no parent-category signal available (parent_category_id NULL for all rows)
3294,Vacuum Cleaners,المكانس,,26,vacuum cleaners,singleton_unique,,vacuum_cleaners,Vacuum Cleaners,المكانس,100.0,False,,no parent-category signal available (parent_category_id NULL for all rows)
3295,Blenders & Food Preparation,أجهزة تحضير الطعام,,141,blenders & food preparation,singleton_unique,,blenders_food_preparation,Blenders & Food Preparation,أجهزة تحضير الطعام,100.0,False,,no parent-category signal available (parent_category_id NULL for all rows)
3296,Irons,المكواه,,35,irons,singleton_unique,,irons,Irons,المكواه,100.0,False,,no parent-category signal available (parent_category_id NULL for all rows)
3297,Water Heaters,سخانات مياة,,34,water heaters,singleton_unique,,water_heaters,Water Heaters,سخانات مياة,100.0,False,,no parent-category signal available (parent_category_id NULL for all rows)
3298,Ventilating Fans,شفاطات,,26,ventilating fans,singleton_unique,,ventilating_fans,Ventilating Fans,شفاطات,100.0,False,,no parent-category signal available (parent_category_id NULL for all rows)
3299,Fans,مراوح,,56,fans,singleton_unique,,fans,Fans,مراوح,100.0,False,,no parent-category signal available (parent_category_id NULL for all rows)
3300,Cookers & Cooker hoods,بوتجازات,,59,cookers & cooker hoods,singleton_unique,,cookers_cooker_hoods,Cookers & Cooker hoods,بوتجازات,100.0,False,,no parent-category signal available (parent_category_id NULL for all rows)
3301,Large Home Electronics,أجهزة منزلية كبيرة,,129,large home electronics,singleton_unique,,large_home_electronics,Large Home Electronics,أجهزة منزلية كبيرة,100.0,False,,no parent-category signal available (parent_category_id NULL for all rows)
3302,Microwaves,ميكروويف,,34,microwaves,singleton_unique,,microwaves,Microwaves,ميكروويف,100.0,False,,no parent-category signal available (parent_category_id NULL for all rows)
3303,Washing Machines & Dryers,غسالات الملابس & مجفف,,77,washing machines & dryers,singleton_unique,,washing_machines_dryers,Washing Machines & Dryers,غسالات الملابس & مجفف,100.0,False,,no parent-category signal available (parent_category_id NULL for all rows)
3304,TV & Receivers,تلفزيونات وريسفيرات,,79,tv & receivers,singleton_unique,,tv_receivers,TV & Receivers,تلفزيونات وريسفيرات,100.0,False,,no parent-category signal available (parent_category_id NULL for all rows)
3305,TVs,التلفزيونات,,98,tvs,singleton_unique,,tvs,TVs,التلفزيونات,100.0,False,,no parent-category signal available (parent_category_id NULL for all rows)
3306,Electronics Offers,أجهزة منزلية,,18,electronics offers,singleton_unique,,electronics_offers,Electronics Offers,أجهزة منزلية,100.0,False,,no parent-category signal available (parent_category_id NULL for all rows)
3307,Ovens,أفران,,14,ovens,singleton_unique,,ovens,Ovens,أفران,100.0,False,,no parent-category signal available (parent_category_id NULL for all rows)
3308,Weekend Offers,عروض الأجهزة الكهربائية,,24,weekend offers,singleton_unique,,weekend_offers,Weekend Offers,عروض الأجهزة الكهربائية,100.0,False,,no parent-category signal available (parent_category_id NULL for all rows)
3309,Hair Care,منتجات العناية بالشعر,,28,hair care,exact_auto_merge,g6,hair_care,Hair Care,العناية بالشعر,100.0,False,,
3310,Fan Heater ,دفايات,,13,fan heater,singleton_unique,,fan_heater,Fan Heater ,دفايات,100.0,False,,no parent-category signal available (parent_category_id NULL for all rows)
3311,Dental Care,العناية بالأسنان,,190,dental care,singleton_unique,,dental_care,Dental Care,العناية بالأسنان,100.0,False,,no parent-category signal available (parent_category_id NULL for all rows)
3312,Face & Body Skincare,منتجات العناية بالوجه والجسم والبشرة,,448,face & body skincare,singleton_unique,,face_body_skincare,Face & Body Skincare,منتجات العناية بالوجه والجسم والبشرة,100.0,False,,no parent-category signal available (parent_category_id NULL for all rows)
3313,Beauty, منتجات الجمال ,,34,beauty,singleton_unique,,beauty,Beauty, منتجات الجمال ,100.0,False,,no parent-category signal available (parent_category_id NULL for all rows)
3314,Ladies' Care,منتجات العناية للنساء,,224,ladies' care,singleton_unique,,ladies_care,Ladies' Care,منتجات العناية للنساء,100.0,False,,no parent-category signal available (parent_category_id NULL for all rows)
4643,BBQ & Grills, مستلزمات الشواء,,77,bbq & grills,exact_auto_merge,g15,bbq_grills,BBQ & Grills, مستلزمات الشواء,100.0,False,,
4644,BBQ & Grills,شوايات ,,42,bbq & grills,exact_auto_merge,g15,bbq_grills,BBQ & Grills, مستلزمات الشواء,100.0,False,,
4645,Back to School,رجوع المدارس,,45,back to school,singleton_unique,,back_to_school,Back to School,رجوع المدارس,100.0,False,,no parent-category signal available (parent_category_id NULL for all rows)
5684,Fashion & Textiles,الملابس والمفروشات,,112,fashion & textiles,singleton_unique,,fashion_textiles,Fashion & Textiles,الملابس والمفروشات,100.0,False,,no parent-category signal available (parent_category_id NULL for all rows)
5685,Oil,الزيت,,222,oil,singleton_unique,,oil,Oil,الزيت,100.0,False,,no parent-category signal available (parent_category_id NULL for all rows)
5686,"Butter , Oil & Ghee","الزبدة , الزيت و السمن",,259,"butter , oil & ghee",singleton_unique,,butter_oil_ghee,"Butter , Oil & Ghee","الزبدة , الزيت و السمن",100.0,False,,no parent-category signal available (parent_category_id NULL for all rows)
5687,Rice,الأرز,,122,rice,exact_auto_merge,g16,rice,Rice,الأرز,100.0,False,,
5688,"Rice , Pasta & Noodles","الأرز , المكرونة و النودلز",,393,"rice , pasta & noodles",singleton_unique,,rice_pasta_noodles,"Rice , Pasta & Noodles","الأرز , المكرونة و النودلز",100.0,False,,no parent-category signal available (parent_category_id NULL for all rows)
5689,Rice,أرز,,122,rice,exact_auto_merge,g16,rice,Rice,الأرز,100.0,False,,
5690,Canned Food,الطعام المعلب,,232,canned food,singleton_unique,,canned_food,Canned Food,الطعام المعلب,100.0,False,,no parent-category signal available (parent_category_id NULL for all rows)
5691,Tuna & Canned Seafood,التونة,,93,tuna & canned seafood,singleton_unique,,tuna_canned_seafood,Tuna & Canned Seafood,التونة,100.0,False,,no parent-category signal available (parent_category_id NULL for all rows)
5692,Spreads,سبريد,,112,spreads,singleton_unique,,spreads,Spreads,سبريد,100.0,False,,no parent-category signal available (parent_category_id NULL for all rows)
5693,"Jams , Honey & Spreads",المربى والعسل والأطعمة القابلة للدهن,,318,"jams , honey & spreads",singleton_unique,,jams_honey_spreads,"Jams , Honey & Spreads",المربى والعسل والأطعمة القابلة للدهن,100.0,False,,no parent-category signal available (parent_category_id NULL for all rows)
5694,Sauces & Pastes,صلصة وصوصات,,428,sauces & pastes,singleton_unique,,sauces_pastes,Sauces & Pastes,صلصة وصوصات,100.0,False,,no parent-category signal available (parent_category_id NULL for all rows)
5695,"Sauces, Dressings & Side Tables","الصوصات , السلطات , الأطباق الجانبية",,459,"sauces, dressings & side tables",singleton_unique,,sauces_dressings_side_tables,"Sauces, Dressings & Side Tables","الصوصات , السلطات , الأطباق الجانبية",100.0,False,,no parent-category signal available (parent_category_id NULL for all rows)
5696,Sauces,صلصة وصوصات,,427,sauces,singleton_unique,,sauces,Sauces,صلصة وصوصات,100.0,False,,no parent-category signal available (parent_category_id NULL for all rows)
5697,Canned Vegetables & Fruits ,خضراوات معلبة,,146,canned vegetables & fruits,singleton_unique,,canned_vegetables_fruits,Canned Vegetables & Fruits ,خضراوات معلبة,100.0,False,,no parent-category signal available (parent_category_id NULL for all rows)
5698,Honey,عسل,,155,honey,singleton_unique,,honey,Honey,عسل,100.0,False,,no parent-category signal available (parent_category_id NULL for all rows)
5699,Pasta,المكرونة,,324,pasta,singleton_unique,,pasta,Pasta,المكرونة,100.0,False,,no parent-category signal available (parent_category_id NULL for all rows)
5700,Cereals,الحبوب,,163,cereals,singleton_unique,,cereals,Cereals,الحبوب,100.0,False,,no parent-category signal available (parent_category_id NULL for all rows)
5701,Jams,مربي,,118,jams,singleton_unique,,jams,Jams,مربي,100.0,False,,no parent-category signal available (parent_category_id NULL for all rows)
5702,Tea,الشاي,,226,tea,singleton_unique,,tea,Tea,الشاي,100.0,False,,no parent-category signal available (parent_category_id NULL for all rows)
5703,Baking Supplies,مستلزمات الخبيز,,170,baking supplies,singleton_unique,,baking_supplies,Baking Supplies,مستلزمات الخبيز,100.0,False,,no parent-category signal available (parent_category_id NULL for all rows)
5704,Sugar & Baking Essentials,سكر ومستلزمات الخبيز,,297,sugar & baking essentials,singleton_unique,,sugar_baking_essentials,Sugar & Baking Essentials,سكر ومستلزمات الخبيز,100.0,False,,no parent-category signal available (parent_category_id NULL for all rows)
5705,Vinegar,الخل,,59,vinegar,singleton_unique,,vinegar,Vinegar,الخل,100.0,False,,no parent-category signal available (parent_category_id NULL for all rows)
5706,Desserts  ,مستلزمات الحلويات,,77,desserts,singleton_unique,,desserts,Desserts  ,مستلزمات الحلويات,100.0,False,,no parent-category signal available (parent_category_id NULL for all rows)
5707,Powder Milk,لبن بودرة,,45,powder milk,singleton_unique,,powder_milk,Powder Milk,لبن بودرة,100.0,False,,no parent-category signal available (parent_category_id NULL for all rows)
5708,Grocery,منتجات البقالة,,87,grocery,exact_auto_merge,g1,grocery,Grocery,منتجات البقالة,100.0,False,,
5709,Herbal & Hot Drinks,الأعشاب و المشروبات الساخنة,,158,herbal & hot drinks,singleton_unique,,herbal_hot_drinks,Herbal & Hot Drinks,الأعشاب و المشروبات الساخنة,100.0,False,,no parent-category signal available (parent_category_id NULL for all rows)
5710,Soups,شوربة,,37,soups,singleton_unique,,soups,Soups,شوربة,100.0,False,,no parent-category signal available (parent_category_id NULL for all rows)
5711,Sugar,السكر,,89,sugar,singleton_unique,,sugar,Sugar,السكر,100.0,False,,no parent-category signal available (parent_category_id NULL for all rows)
5712,Ghee,السمن,,94,ghee,singleton_unique,,ghee,Ghee,السمن,100.0,False,,no parent-category signal available (parent_category_id NULL for all rows)
5713,Beans ,فول ,,72,beans,singleton_unique,,beans,Beans ,فول ,100.0,False,,no parent-category signal available (parent_category_id NULL for all rows)
5714,Noodles,النودلز,,58,noodles,singleton_unique,,noodles,Noodles,النودلز,100.0,False,,no parent-category signal available (parent_category_id NULL for all rows)
7271,Nivea Offers,Nivea Offers,,34,nivea offers,singleton_unique,,nivea_offers,Nivea Offers,Nivea Offers,100.0,False,,no parent-category signal available (parent_category_id NULL for all rows)
10480,Ready Made Food,أطباق جاهزة,,138,ready made food,singleton_unique,,ready_made_food,Ready Made Food,أطباق جاهزة,100.0,False,,no parent-category signal available (parent_category_id NULL for all rows)
10481,Fresh Food Deals,عروض المنتجات الطازجة,,2,fresh food deals,singleton_unique,,fresh_food_deals,Fresh Food Deals,عروض المنتجات الطازجة,100.0,False,,no parent-category signal available (parent_category_id NULL for all rows)
10482,Frozen Seafood,مأكولات بحرية و سمك مجمد,,88,frozen seafood,singleton_unique,,frozen_seafood,Frozen Seafood,مأكولات بحرية و سمك مجمد,100.0,False,,no parent-category signal available (parent_category_id NULL for all rows)
10483,Protein Bars & Granola,بروتين بار و جرانولا,,23,protein bars & granola,singleton_unique,,protein_bars_granola,Protein Bars & Granola,بروتين بار و جرانولا,100.0,False,,no parent-category signal available (parent_category_id NULL for all rows)
10484,Frozen Beef,لحوم مجمدة,,118,frozen beef,singleton_unique,,frozen_beef,Frozen Beef,لحوم مجمدة,100.0,False,,no parent-category signal available (parent_category_id NULL for all rows)
10485,Butter,الزبدة,,20,butter,exact_auto_merge,g12,butter,Butter,الزبدة,100.0,False,,
10486,Cat Food,طعام القطط,,66,cat food,singleton_unique,,cat_food,Cat Food,طعام القطط,100.0,False,,no parent-category signal available (parent_category_id NULL for all rows)
10487,Pets,منتجات الحيوانات الأليفة,,108,pets,singleton_unique,,pets,Pets,منتجات الحيوانات الأليفة,100.0,False,,no parent-category signal available (parent_category_id NULL for all rows)
10488,Dog Food,طعام الكلاب,,52,dog food,singleton_unique,,dog_food,Dog Food,طعام الكلاب,100.0,False,,no parent-category signal available (parent_category_id NULL for all rows)
10489,Ice Cream,الايس كريم,,101,ice cream,singleton_unique,,ice_cream,Ice Cream,الايس كريم,100.0,False,,no parent-category signal available (parent_category_id NULL for all rows)
10490,Water Filters & Treatment,معالجة وفلاتر المياة,,7,water filters & treatment,singleton_unique,,water_filters_treatment,Water Filters & Treatment,معالجة وفلاتر المياة,100.0,False,,no parent-category signal available (parent_category_id NULL for all rows)
11671,Meat & Poultry ,لحوم ودواجن,,6,meat & poultry,exact_auto_merge,g11,meat_poultry,Meat & Poultry,لحوم ودواجن,100.0,False,,
11672,Meat,Meat,,3,meat,exact_auto_merge,g10,meat,Meat,اللحوم,100.0,False,,
11673,Ready Fresh Meals,وجبات فريش جاهزة,,9,ready fresh meals,singleton_unique,,ready_fresh_meals,Ready Fresh Meals,وجبات فريش جاهزة,100.0,False,,no parent-category signal available (parent_category_id NULL for all rows)
11674,Frozen Vegetables,خضراوات مجمدة,,172,frozen vegetables,singleton_unique,,frozen_vegetables,Frozen Vegetables,خضراوات مجمدة,100.0,False,,no parent-category signal available (parent_category_id NULL for all rows)
11675,Mango Festival,مهرجان المانجا,,12,mango festival,singleton_unique,,mango_festival,Mango Festival,مهرجان المانجا,100.0,False,,no parent-category signal available (parent_category_id NULL for all rows)
11676,Oats,الشوفان,,34,oats,singleton_unique,,oats,Oats,الشوفان,100.0,False,,no parent-category signal available (parent_category_id NULL for all rows)
11677,Cream,الكريمة,,17,cream,singleton_unique,,cream,Cream,الكريمة,100.0,False,,no parent-category signal available (parent_category_id NULL for all rows)
11678, Sham El-Nessim Celebration!, Sham El-Nessim Celebration!,,16,sham el-nessim celebration!,singleton_unique,,sham_el_nessim_celebration, Sham El-Nessim Celebration!, Sham El-Nessim Celebration!,100.0,False,,no parent-category signal available (parent_category_id NULL for all rows)
16869,Tahina,الطحينة,,9,tahina,singleton_unique,,tahina,Tahina,الطحينة,100.0,False,,no parent-category signal available (parent_category_id NULL for all rows)
16870,Water Dispenser,مبردات مياة,,7,water dispenser,singleton_unique,,water_dispenser,Water Dispenser,مبردات مياة,100.0,False,,no parent-category signal available (parent_category_id NULL for all rows)
16871,Nuts & Seeds,المكسرات,,73,nuts & seeds,singleton_unique,,nuts_seeds,Nuts & Seeds,المكسرات,100.0,False,,no parent-category signal available (parent_category_id NULL for all rows)
16872,Nuts,المكسرات,,16,nuts,exact_auto_merge,g17,nuts,nuts,مكسرات,100.0,False,,
22978,Fresh Bakery,مخبوزات طازجة,,52,fresh bakery,singleton_unique,,fresh_bakery,Fresh Bakery,مخبوزات طازجة,100.0,False,,no parent-category signal available (parent_category_id NULL for all rows)
22979,Toast,خبز التوست,,34,toast,singleton_unique,,toast,Toast,خبز التوست,100.0,False,,no parent-category signal available (parent_category_id NULL for all rows)
22980,Bread,عيش,,34,bread,exact_auto_merge,g5,bread,Bread,العيش,100.0,False,,
22981,nuts,مكسرات,,41,nuts,exact_auto_merge,g17,nuts,nuts,مكسرات,100.0,False,,
25415,Canned Meat,لحوم معلبة,,1,canned meat,singleton_unique,,canned_meat,Canned Meat,لحوم معلبة,100.0,False,,no parent-category signal available (parent_category_id NULL for all rows)
26947,Women,Women,,57,women,singleton_unique,,women,Women,Women,100.0,False,,no parent-category signal available (parent_category_id NULL for all rows)
27951,SHOE ACCESSORIES,SHOE ACCESSORIES,,10,shoe accessories,fuzzy_candidate,g18,home_accessories,Home Accessories,اكسسوارات المنزل,93.8,True,reject,no parent-category signal available (parent_category_id NULL for all rows)
27952,Air conditioners,تكييفات هواء,,24,air conditioners,singleton_unique,,air_conditioners,Air conditioners,تكييفات هواء,100.0,False,,no parent-category signal available (parent_category_id NULL for all rows)
27953,Air Fryer,Air Fryer,,7,air fryer,singleton_unique,,air_fryer,Air Fryer,Air Fryer,100.0,False,,no parent-category signal available (parent_category_id NULL for all rows)
27954,Refrigerators & Freezers,الثلاجات & الفريزر,,32,refrigerators & freezers,singleton_unique,,refrigerators_freezers,Refrigerators & Freezers,الثلاجات & الفريزر,100.0,False,,no parent-category signal available (parent_category_id NULL for all rows)
27955,EnaWalks,EnaWalks,,2,enawalks,singleton_unique,,enawalks,EnaWalks,EnaWalks,100.0,False,,no parent-category signal available (parent_category_id NULL for all rows)
27956,Gluten Free,خالي من الجلوتين,,19,gluten free,singleton_unique,,gluten_free,Gluten Free,خالي من الجلوتين,100.0,False,,no parent-category signal available (parent_category_id NULL for all rows)
29277,Test1 ,Test1 ,,38,test1,junk_excluded,,,,,,True,approve,
29278,"Sponges , Scrubbers & Gloves","الاسفنج , أدوات النظافة و القفازات",,14,"sponges , scrubbers & gloves",singleton_unique,,sponges_scrubbers_gloves,"Sponges , Scrubbers & Gloves","الاسفنج , أدوات النظافة و القفازات",100.0,False,,no parent-category signal available (parent_category_id NULL for all rows)
29279,Sounds ,Sounds ,,3,sounds,singleton_unique,,sounds,Sounds ,Sounds ,100.0,False,,no parent-category signal available (parent_category_id NULL for all rows)
31439,Stationary,الأدوات المكتبية,,55,stationary,singleton_unique,,stationary,Stationary,الأدوات المكتبية,100.0,False,,no parent-category signal available (parent_category_id NULL for all rows)
31440,Books,كتب,,17,books,singleton_unique,,books,Books,كتب,100.0,False,,no parent-category signal available (parent_category_id NULL for all rows)
31441,Dishwashers,غسالة أطباق,,10,dishwashers,singleton_unique,,dishwashers,Dishwashers,غسالة أطباق,100.0,False,,no parent-category signal available (parent_category_id NULL for all rows)
32297,Lactose Free,خالي من اللاكتوز,,3,lactose free,singleton_unique,,lactose_free,Lactose Free,خالي من اللاكتوز,100.0,False,,no parent-category signal available (parent_category_id NULL for all rows)
32298,Pet Care,منتجات العناية بالحيوانات الأليفة,,25,pet care,singleton_unique,,pet_care,Pet Care,منتجات العناية بالحيوانات الأليفة,100.0,False,,no parent-category signal available (parent_category_id NULL for all rows)
34210,Kahk El Eid,كحك العيد ,,16,kahk el eid,singleton_unique,,kahk_el_eid,Kahk El Eid,كحك العيد ,100.0,False,,no parent-category signal available (parent_category_id NULL for all rows)
34211,Flash Sale,Flash Sale,,12,flash sale,singleton_unique,,flash_sale,Flash Sale,Flash Sale,100.0,False,,no parent-category signal available (parent_category_id NULL for all rows)
40304,Frozen Meat,لحوم مجمدة,,7,frozen meat,fuzzy_candidate,g20,frozen_meat,Frozen Meat,لحوم مجمدة,95.7,True,approve,no parent-category signal available (parent_category_id NULL for all rows)
40305,Frozen Meats,اللحوم المجمدة,,7,frozen meats,fuzzy_candidate,g20,frozen_meat,Frozen Meat,لحوم مجمدة,95.7,True,approve,no parent-category signal available (parent_category_id NULL for all rows)
42669,Sea Food Deals,عروض السيفود,,1,sea food deals,singleton_unique,,sea_food_deals,Sea Food Deals,عروض السيفود,100.0,False,,no parent-category signal available (parent_category_id NULL for all rows)
43821,Electronics,Electronics,,1,electronics,exact_auto_merge,g14,electronics,Electronics, الأجهزة المنزلية,100.0,False,,
43822,test2,test2,,89,test2,junk_excluded,,,,,,True,approve,
44921,Sandwiches ,سندويشات,,4,sandwiches,singleton_unique,,sandwiches,Sandwiches ,سندويشات,100.0,False,,no parent-category signal available (parent_category_id NULL for all rows)
44922,Organic Food,طعام أورجانيك,,2,organic food,singleton_unique,,organic_food,Organic Food,طعام أورجانيك,100.0,False,,no parent-category signal available (parent_category_id NULL for all rows)
46025,Men,Men,,64,men,singleton_unique,,men,Men,Men,100.0,False,,no parent-category signal available (parent_category_id NULL for all rows)
46026,Textiles,المفروشات,,12,textiles,singleton_unique,,textiles,Textiles,المفروشات,100.0,False,,no parent-category signal available (parent_category_id NULL for all rows)
48043,Healthy Snacks,السناكس الصحية,,79,healthy snacks,singleton_unique,,healthy_snacks,Healthy Snacks,السناكس الصحية,100.0,False,,no parent-category signal available (parent_category_id NULL for all rows)
50991,test,test,,13,test,junk_excluded,,,,,,True,approve,
50992,Ramadan Box,كرتونة رمضان,,4,ramadan box,singleton_unique,,ramadan_box,Ramadan Box,كرتونة رمضان,100.0,False,,no parent-category signal available (parent_category_id NULL for all rows)
51989,Luggage & Accessories,شنط & اكسسوارات,,1,luggage & accessories,singleton_unique,,luggage_accessories,Luggage & Accessories,شنط & اكسسوارات,100.0,False,,no parent-category signal available (parent_category_id NULL for all rows)
52956,Deep Fryers,قلايات هوائية,,1,deep fryers,singleton_unique,,deep_fryers,Deep Fryers,قلايات هوائية,100.0,False,,no parent-category signal available (parent_category_id NULL for all rows)
53802,Receivers,ريسفيرات,,4,receivers,singleton_unique,,receivers,Receivers,ريسفيرات,100.0,False,,no parent-category signal available (parent_category_id NULL for all rows)
54728,Shami Cheese,جبنة شامي,,5,shami cheese,singleton_unique,,shami_cheese,Shami Cheese,جبنة شامي,100.0,False,,no parent-category signal available (parent_category_id NULL for all rows)
56600,Mother's Day ,عيد الأم,,14,mother's day,singleton_unique,,mother_s_day,Mother's Day ,عيد الأم,100.0,False,,no parent-category signal available (parent_category_id NULL for all rows)
56601,Nouri Offers,Nouri Offers,,21,nouri offers,singleton_unique,,nouri_offers,Nouri Offers,Nouri Offers,100.0,False,,no parent-category signal available (parent_category_id NULL for all rows)
58670,Accessories ,Accessories ,,23,accessories,singleton_unique,,accessories,Accessories ,Accessories ,100.0,False,,no parent-category signal available (parent_category_id NULL for all rows)
59795,Hero,Hero,,3,hero,singleton_unique,,hero,Hero,Hero,100.0,False,,no parent-category signal available (parent_category_id NULL for all rows)
59796,TEST,TEST,,13,test,junk_excluded,,,,,,True,approve,
60622,Donation,تبرعات,,1,donation,singleton_unique,,donation,Donation,تبرعات,100.0,False,,no parent-category signal available (parent_category_id NULL for all rows)
61303,Care&More Offers,Care&More Offers,,9,care&more offers,singleton_unique,,care_more_offers,Care&More Offers,Care&More Offers,100.0,False,,no parent-category signal available (parent_category_id NULL for all rows)
61304,New Arrivals ,وصل حديثا,,121,new arrivals,singleton_unique,,new_arrivals,New Arrivals ,وصل حديثا,100.0,False,,no parent-category signal available (parent_category_id NULL for all rows)
61305,Bobana Offers,Bobana Offers,,5,bobana offers,singleton_unique,,bobana_offers,Bobana Offers,Bobana Offers,100.0,False,,no parent-category signal available (parent_category_id NULL for all rows)
61306,Signal Offers,Signal Offers,,4,signal offers,singleton_unique,,signal_offers,Signal Offers,Signal Offers,100.0,False,,no parent-category signal available (parent_category_id NULL for all rows)
61307,missing images,missing images,,13,missing images,singleton_unique,,missing_images,missing images,missing images,100.0,False,,no parent-category signal available (parent_category_id NULL for all rows)
61899,Halawet El Mouled,حلاوة المولد,,27,halawet el mouled,singleton_unique,,halawet_el_mouled,Halawet El Mouled,حلاوة المولد,100.0,False,,no parent-category signal available (parent_category_id NULL for all rows)
